{
    "volume": 12.827777809139201,
    "scale": 0.9283177667225558
}