{
    "volume": 19.241666713708803,
    "scale": 1.0626585691826111
}