{
    "volume": 18.964528330478508,
    "scale": 1.0626585691826111
}