{
    "volume": 9.6208333568544,
    "scale": 0.8434326653017492
}