{
    "volume": 9.482264165239252,
    "scale": 0.8434326653017492
}