{
    "volume": 12.643018886985672,
    "scale": 0.9283177667225558
}